question,prediction
manner How did serfdom develop in and then leave Russia ?,unknown
cremat What films featured the character Popeye Doyle ?,what
manner How can I find a list of celebrities ' real names ?,unknown
animal What fowl grabs the spotlight after the Chinese Year of the Monkey ?,what
exp What is the full form of .com ?,what
ind What contemptible scoundrel stole the cork from my lunch ?,what
gr What team did baseball 's St. Louis Browns become ?,what
title What is the oldest profession ?,what
def What are liver enzymes ?,what
ind Name the scar-faced bounty hunter of The Old West .,unknown
date When was Ozzy Osbourne born ?,when
reason Why do heavier objects travel downhill faster ?,unknown
ind Who was The Pride of the Yankees ?,who
ind Who killed Gandhi ?,who
event What is considered the costliest disaster the insurance industry has ever faced ?,what
state What sprawling U.S. state boasts the most airports ?,what
desc What did the only repealed amendment to the U.S. Constitution deal with ?,what
count How many Jews were executed in concentration camps during WWII ?,unknown
def What is `` Nine Inch Nails '' ?,what
def What is an annotated bibliography ?,what
date What is the date of Boxing Day ?,what
other What articles of clothing are tokens in Monopoly ?,what
ind Name 11 famous martyrs .,unknown
desc What 's the Olympic motto ?,what
desc What is the origin of the name ` Scarlett ' ?,what
letter What 's the second-most-used vowel in English ?,what
ind Who was the inventor of silly putty ?,who
other What is the highest waterfall in the United States ?,what
other Name a golf course in Myrtle Beach .,unknown
state Which two states enclose Chesapeake Bay ?,unknown
exp What does the abbreviation AIDS stand for ?,what
other What does a spermologer collect ?,what
count How many points make up a perfect fivepin bowling score ?,unknown
gr Which company that manufactures video-game hardware sells the `` super system '' ?,unknown
count How many Community Chest cards are there in Monopoly ?,unknown
desc What do Mormons believe ?,what
date When did the neanderthal man live ?,when
religion In what religion was Isis the nature goddess ?,what
other Where do the adventures of `` The Swiss Family Robinson '' take place ?,unknown
animal What relative of the racoon is sometimes known as the cat-bear ?,what
manner How can I register my website in Yahoo for free ?,unknown
other What was cash-conscious Colonel Edwin L. Drake the first to drill ?,what
count How many people in the world speak French ?,unknown
count How many inches over six feet is the Venus de Milo ?,unknown
manner How do they find or choose witnesses to an execution ?,unknown
ind What 1920s cowboy star rode Tony the Wonder Horse ?,what
food What cocktail inspired John Doxat to write the book Stirred-Not Shaken ?,what
gr What ISPs exist in the Caribbean ?,what
manner How do you ask a total stranger out on a date ?,unknown
other What weapon is the mythological character Apollo most proficient with ?,what
country What country do the Galapagos Islands belong to ?,what
def What is ethology ?,what
ind Who was the prophet of the Muslim people ?,who
desc Where did the term `` 86ed '' come from ?,unknown
ind Who is Snoopy 's arch-enemy ?,who
def What is the nature of learning ?,what
color What 's the only color Johnny Cash wears on stage ?,what
termeq What 's the term for a young fox ?,what
state What U.S. state lived under six flags ?,what
def What is the Kashmir issue ?,what
other Where is the Loop ?,unknown
def What does `` extended definition '' mean and how would one write a paper on it ?,what
country What country 's capital is Tirana ?,what
def What is titanium ?,what
ind Who do Herb and Tootsie live next door to ?,who
city Which city has the oldest relationship as a sisterðcity with Los Angeles ?,unknown
def What is a caldera ?,what
reason Why do people get calluses ?,unknown
other What are the names of the tourist attractions in Reims ?,what
reason What are Cushman and Wakefield known for ?,what
other What body of water does the Danube River flow into ?,what
ind Who is the founder of Scientology ?,who
other What does the six-footed Musca domestica become when it enters a house ?,what
desc What is the history of skateboarding ?,what
ind Who starred in Singing in the Rain and The Singing Nun ?,who
manner How do I make fuel bricks from recycled newspaper ?,unknown
ind What 19th-century painter died in the Marquesas Islands ?,what
body The corpus callosum is in what part of the body ?,what
manner How do I log on to home page at Headquarters U.S. European Command ?,unknown
"country What country did the Nazis occupy for 1 , CD NNS IN NNP NNP NNP .",what
other What is Nebraska 's most valuable resource ?,what
count How many species of the Great White shark are there ?,unknown
desc What is the origin of head lice ?,what
state What is the nickname for the state of Mississippi ?,what
animal What was the first domesticated bird ?,what
count How many villi are found in the small intestine ?,unknown
country What country did King Wenceslas rule ?,what
dismed What is a fear of shadows ?,what
ind Who were the five Marx brothers ?,who
date In which year was New Zealand excluded from the ANZUS alliance ?,unknown
date When did CNN begin broadcasting ?,when
reason What causes the body to shiver in cold temperatures ?,what
def What are bear and bull markets ?,what
cremat What J.R.R. Tolkien book features Bilbo Baggins as the central character ?,what
def What is `` dew point '' ?,what
def What is the meaning of Jesus ?,what
gr What company 's logo is a `` W '' in a circle ?,what
def What is the definition of a cascade ?,what
date When did Rococo painting and architecture flourish ?,when
country What country 's national passenger rail system is called Via ?,what
ind Who invented Make-up ?,who
desc What is the origin of the word `` attic '' ?,what
desc What did Delilah do to Samson 's hair ?,what
animal What kind of animals were in the Paleozoic era ?,what
ind Which of the following was Rhodes Scholar ?,unknown
ind Who comprised the now-defunct comic book team known as the Champions ?,who
manner How do you make a paintball ?,unknown
state What U.S. state is Fort Knox in ?,what
animal What is a female rabbit called ?,what
mount Where is the highest point in Japan ?,unknown
desc Where do chihuahuas come from ?,unknown
other Where does Barney Rubble go to work after he drops Fred off in the `` Flintstones '' cartoon series ?,unknown
other What are the world 's four oceans ?,what
cremat What 's the only work by Michelangelo that bears his signature ?,what
animal What is the largest snake in the world ?,what
cremat In what medium is Stuart Hamblen considered to be the first singing cowboy ?,what
other Where on the Internet can I find a song lyrics database similar to the International Lyrics Server ?,unknown
money How much money does a back injury lawsuit get ?,unknown
termeq What 's the common name for acetylsalicylic acid ?,what
def What does the Georgetown `` Hoya '' mean ?,what
other Where can I find a list of `` classic '' books 5th and 6th graders should read ?,unknown
product Which two products use a tiger as their symbol ?,unknown
manner How is the election of a new Pope announced to the world ?,unknown
period How long does it take for your blood to make one complete trip through the body ?,unknown
manner How do chickens have baby chicks ?,unknown
desc What is the historical relationship of Catholic Church and bingo ?,what
manner How was the element calcium named ?,unknown
ind What crooner joined The Andrews Sisters for Pistol Packin Mama ?,what
gr What piano company claims its product is the `` Instrument of the immortals '' ?,what
date When did the Bounty mutiny take place ?,when
cremat What novel inspired the movie BladeRunner ?,what
def What is a transistor ?,what
cremat What is a film starring Jude Law ?,what
animal What Hollywood dog died in the arms of Jean Harlow in 1932 ?,what
substance What are the most common elements in the Earth 's crust ?,what
"money How much would it cost to purchase a 2-foot-square party tent , with sides , ?",unknown
ind What actress has received the most Oscar nominations ?,what
def What are equity securities ?,what
def What is gymnophobia ?,what
count How many years do fossils take to form ?,unknown
other Where is the Orinoco ?,unknown
animal What was the name of the `` Little Rascals '' dog ?,what
"city What city boasts Penn 's Landing , on the banks of the Delaware river ?",what
cremat What Broadway musical was inspired by Cervantes 's Don Quixote ?,what
"desc What is the origin of the word , JJ .",what
count How many hostages were killed in the Entebbe raid ?,unknown
manner How you can raise your IQ ?,unknown
exp What does INRI stand for when used on Jesus ' cross ?,what
gr Who produces Spumante ?,who
ind Who earns their money the hard way ?,who
ind Who founded the People 's Temple Commune ?,who
ind What athlete makes the most money from sports merchandise sales ?,what
count How many bends are there in a standard paper clip ?,unknown
ind Who discovered electricity ?,who
body What part of your body contains the corpus callosum ?,what
ind Who was the first American in space ?,who
country What two South American countries do n't border Brazil ?,what
cremat What album put The Beatles on the cover of Time in 1967 ?,what
"cremat What poem contains the line , `` grow old with me the best is yet to be '' .",what
def What is a dental root canal ?,what
event What war did the Wanna-Go-Home Riots occur after ?,what
date What is the busiest air travel season ?,what
body What 's the colored part of the eye called ?,what
def What are hook worms ?,what
other Where is the Rose Bowl played ?,unknown
gr Which Japanese car maker had its biggest percentage of sale in the domestic market ?,unknown
ind Who is the mayor of Marbella ?,who
"other What sun-blasted , 14-mile wide valley is just north of the Mojave desert ?",what
date In what year did Thatcher become prime minister ?,what
count How many months does it take the moon to revolve around the Earth ?,unknown
other Where are the 49 steps ?,unknown
date In what year was De Gaulle elected president of France ?,what
ind Who sings the themes for `` Dawson 's Creek '' and `` Felicity '' ?,who
ind Who directed `` Jaws '' ?,who
cremat On what T.V. show could Tom Terrific be found ?,what
gr What Indian tribe is F Troop perpetually doing battle with ?,what
desc Where did Indian Pudding come from ?,unknown
reason Why do some clothing labels say `` Use a nonchlorine bleach '' ?,unknown
count How many colonies were involved in the American Revolution ?,unknown
city What is the name of the city that Maurizio Pellegrin lives in ?,what
other Where can I find pictorial directions on how to build a very simple treehouse ?,unknown
"sport What game 's board shows the territories of Irkutsk , Yakutsk and Kamchatka ?",what
ind What is the name of the managing director of Apricot Computer ?,unknown
title What is the occupation of Nicholas Cage ?,unknown
reason Why do horseshoes bring luck ?,unknown
"def What is the 401 , K , plan ?",what
reason What causes pneumonia ?,what
date What are the three winter months in the southern hemisphere ?,what
def What does gringo mean ?,what
country What country contains Africa 's northernmost point ?,what
dismed What therapy attempts to elicit the `` primal scream '' ?,what
other Where is the Kalahari desert ?,unknown
gr Which Ventura County police department seized the largest cocaine shipment in it 's history ?,unknown
city What city is sometimes called Gotham ?,what
body What dangles over the tongue from the palate ?,what
ind Who created Dennis the Menace ?,who
ind What dummy received an honorary degree from Northwestern University ?,what
date When was the first Wall Street Journal published ?,unknown
country What countries have the largest areas of forest ?,what
manner How do I start a web based business ?,unknown
ind Name Alvin 's brothers,unknown
def What is Eagle 's syndrome styloid process ?,what
manner How did Jayne Mansfield die ?,unknown
date When did the royal wedding of Prince Andrew and Fergie take place ?,when
ind What actor said in A Day at the Races ,what
ind What explorer was nicknamed Iberia 's Pilot ?,what
date CNN began broadcasting in what year ?,what
termeq What is a ball that hits the foul pole called ?,what
reason What makes hamburgers taste like steakburgers ?,what
gr Which company created the Internet browser Mosaic ?,unknown
event What are the rites accompanying the circumcision of a newly born-child in Judaism called ?,what
other What was the education system in the 1960 's ?,what
city What South American city has the world 's highest commercial landing field ?,what
manner How can I find out which cities have cable-modem access ?,unknown
reason What is Betsy Ross famous for ?,what
count How many species of sharks are there ?,unknown
def What is `` snoogans '' ?,what
count How many people are there in the world ?,unknown
plant What shrubs can be planted that will be safe from deer ?,what
gr What organization 's offices were broken into at Watergate in 1972 ?,what
desc What is the design of the ship Titanic ?,what
exp What does S.O.S. stand for ?,what
techmeth Name a technique widely used to detect birth defects ?,unknown
desc What is the daily requirement of folic acid for an expectant mother ?,what
def What is the `` 7-minute cigarette '' ?,what
other What four forms does gold occur in ?,what
volsize What is the acreage of the Chappellet vineyard ?,what
manner How do you correctly say the word ` qigong ' ?,unknown
date When did beethoven die ?,when
money How much does a new railroad coal car cost ?,unknown
country What two European countries entered the War of American Independence against the British ?,what
def What is the filmmakers collabrative ?,what
ind What Russian composer 's Prelude in C Sharp Minor brought him fame and fortune ?,what
reason What caused Harry Houdini 's death ?,what
"ind Who was the mother of the man who would not be king , the duke of Windsor ?",who
count How many revolutions does a standard LP make in three minutes ?,unknown
mount What is the name of the tallest mountain in the world ?,what
other Where can I find a review of Nightmare on Elm Street in a film journal ?,unknown
techmeth What 's the slowest Olympic swimming stroke ?,what
ind What was the name of the first Russian astronaut to do a spacewalk ?,what
dismed What disease is transmitted by the Anopheles mosquito ?,what
food What rum is so `` mixable '' it is a one-brand bar ?,what
count How many South American countries have the letter Z in their names ?,unknown
def What is the contents of proposition 98 ?,what
other Where was George Washington born ?,unknown
"count How many people on the ground were killed from the bombing of Pan Am Flight 103 over Lockerbie , Scotland , December 21 , CD .",unknown
ind Who wrote NN DT NNP NNP '' ?,who
def What is paracetamol ?,what
desc What are the powers and weaknesses of Green Lantern 's ring ?,what
"animal Which mosquito 's bite draws blood , DT NN CC DT NN .",unknown
date When was the first steel mill in the United States built ?,when
ind What diminutive American female gymnast stole the show at the 1984 Olympics ?,what
desc What is the origin of the name Katie ?,what
"gr What schools in the Washington , DC NN NN VBP NN NN NN NN .",what
date When did the Berlin Wall go up ?,unknown
desc Who is Terrence Malick ?,who
instru What instrument is Ray Charles best known for playing ?,what
def What 's the meaning of the Latin battle cry ,what
other What is the mascot for Notre Dame University ?,what
"other What Las Vegas hotel burned in November , 1980 , with the loss of 84 lives ?",what
date When did Mount St. Helen last have a significant eruption ?,when
exp CNN is the abbreviation for what ?,what
date When did World War I start ?,when
count How many feet are there in a fathom ?,unknown
def What is a Canada two-penny black ?,what
city What European city do Nicois live in ?,what
manner How can I find out what year a Beanie Baby was introduced ?,unknown
def What is the classic definition of tragic hero ?,what
other To what does Microsoft 's Windows 3 owe its success ?,what
ind Who was President of Afghanistan in 1994 ?,who
"techmeth What are other ways of getting stretch marks besides pregnancy , weight loss , and weight lifting ?",what
food What did brontosauruses eat ?,what
color What color bottles do good Rhine wines come in ?,what
ind Who was the lead actress in the movie ` Sleepless in Seattle ' ?,who
ind Who was the 16th President of the United States ?,who
ind Who are the two sons of Ozzie and Harriet Nelson ?,who
def What is molybdenum ?,what
date When is Boxing Day ?,when
other What is the lowest level of the American judiciary ?,what
date When was the battle of the Somme fought ?,when
count How many people did Randy Craft kill ?,unknown
animal What 's the official animal of Canada ?,what
date When did Spielberg direct `` Jaws '' ?,when
volsize What is the size of the largest akita ?,what
animal What animal has the biggest eyes ?,what
city What is California 's capital ?,what
ind Who was the author of the book about computer hackers called `` The Cuckoo 's Egg ,who
ind Who was the founding member of the Pink Floyd band ?,who
country What European country is home to the beer-producing city of Budweis ?,what
manner How do I find the balance of my social security account ?,unknown
desc What is the history of Valentine 's Day cards ?,what
other Where was Christopher Columbus born ?,unknown
termeq What do Italians call Florence ?,what
manner How do you get to the top of the Eiffel Tower ?,unknown
exp What does ` PSI ' stand for ?,what
other What sea did the Romans call mare nostrum ?,what
termeq What 's the term for a bet before cards are dealt ?,what
"animal Which came first , according to Genesis 1 ",unknown
city What city did the Flintstones live in ?,what
termeq What is Latin for incompetent ?,what
dismed What chemicals are used in lethal injection ?,what
gr What toy company is the world 's No.1 maker of female apparel ?,what
sport What board game does a `` wood-pusher '' play poorly ?,what
ind Which Doonesbury character was likely to turn into a werewolf ?,unknown
abb What is the abbreviation for micro ?,what
other What are the 7 articles of the constitution ?,what
gr Who has won the most Super Bowls ?,who
exp What does NASDAQ stand for ?,what
exp What is BPH ?,what
other What is the fastest commercial automobile that can be bought in the US ?,what
other What stadium do the Miami Dolphins play their home games in ?,what
ind Who has the only speaking role in `` Silent Movie '' ?,who
reason Why is poop sometimes different colors ?,unknown
other What was Einstein 's IQ ?,what
date What day was Pearl Harbor attacked in 1942 ?,what
ind What girl 's name is `` Teddy '' an affectionate form of ?,what
state What state is John F. Kennedy buried in ?,what
techmeth What is the best way to remove wallpaper ?,what
state What U.S. state has an element named for it ?,what
gr What company tabulates the ballots in voting for the Academy Awards ?,what
manner How did the tradition of best man start ?,unknown
count How many years ago did the ship Titanic sink ?,unknown
other What is the deepest area of the Arctic Ocean ?,what
color What are Halloween 's colors ?,what
manner How is silk screening done ?,unknown
"other What is the latitude and longitude of El Paso , Texas ?",what
ind Who made a boat out of gopher wood ?,who
other Where can I find a `` Fifth Element '' screensaver ?,unknown
ind Which Bloom County resident wreaks havoc with a computer ?,unknown
manner How do you match a name to a social security number ?,unknown
manner How does a rainbow form ?,unknown
other What is the normal resting heart rate of a healthy adult ?,what
other What is the population of Ohio ?,what
count How many calories are there in a Big Mac ?,unknown
def Hazmat stands for what ?,what
animal What creature scares people in the film `` Jaws '' ?,what
ind What part did John Peter Zenger play in the deveopment of the newspaper in America ?,what
ind Who followed Caesar ?,who
substance What are the four elements ?,what
ind Who was the first woman golfer to earn a million ?,who
other What 's the tallest piece on a chessboard ?,what
other What is Answers.com 's address ?,what
other Where can I buy movies on videotape online ?,unknown
ind Who does the advertizing for Frito-Lay ?,who
gr Who is the leading competitor of Trans Union Company ?,who
product What product did Robert Conrad dare people to knock off his shoulder ?,what
ind Who invented the radio ?,who
count What 's the American dollar equivalent for 8 pounds in the U.K. ?,what
techmeth What are the different approaches of systems analysis ?,what
manner How do doctors diagnose bone cancer ?,unknown
ind Who is the man behind the pig-the man who pulls the strings and speaks for Miss Piggy ?,who
speed What is the speed of the Mississippi River ?,what
other What are the developmental stages of a swimmer ?,what
ind What actor first portrayed James Bond ?,what
other What ocean is the largest in the world ?,what
"ind Who was the first American poet to win the Nobel Prize for literature , in 1948 ?",who
date What year did Jack Nicklaus join the Professional Golfers Association tour ?,what
count How many sonnets did Shakespeare write ?,unknown
reason What causes the redness in your cheeks when you blush ?,what
ind Who won the Nobel Peace Prize in 1991 ?,who
gr Who are the Challengers of the Unknown ?,who
def Define the Pheonix Club ?,unknown
city Which city did Christian Crusaders fight to recapture from the Muslims ?,unknown
def What does it mean `` Rupee Depreciates '' ?,what
other What gaming devices were dubbed `` Mississippi marbles '' and `` Memphis dominoes '' ?,what
ind Who was the first coach of the Cleveland Browns ?,who
manner How successful is arometherapy ?,unknown
event What Jewish holiday saw the start of the 1973 Mideast War ?,what
manner How does a copier work ?,unknown
speed What is the speed of the Mississippi River ?,what
ind Who said of Super Bowl III in 1969 ,who
animal What is Dudley Do-Right 's horse 's name ?,what
ind Who declared ,who
other Where does chocolate come from ?,unknown
cremat What TV game show once saw a contestant admit to picking his toes in the shower ?,what
ind What Soviet leader owned a Rolls-Royce ?,what
other Where can I find a case on Individuals with Disabilities Education Act of 1991 ?,unknown
event What war did Florence Nightingale tend the troops in ?,what
"ind Who wrote the song , `` Stardust '' ?",who
count How many Beatles ' records went #1 ?,unknown
ind Who is the only prime minister of Canada to serve 22 years but not necessarily consecutively ?,who
abb What is the abbreviation of the company name ` General Motors ' ?,what
mount What mountains lie between the Arkansas and Missouri rivers ?,what
ind Who received the Will Rogers Award in 1989 ?,who
reason What is the function of RAM ?,what
other What 's the closest G2 Spectrum Yellow Dwarf to Earth ?,what
count How many equal angles are there in an isosceles triangle ?,unknown
dismed What is the fear of cockroaches called ?,what
cremat What CBS soap opera was interrupted by the bulletin of John F. Kennedy 's assassination ?,what
desc What is the use of a 24-hour clock instead of a 12-hour clock ?,what
ind What was the name of the lawyer who represented Randy Craft ?,what
ind What United States President had dreamed that he was assassinated ?,what
cremat What film did Lee Marvin win the 1965 best actor Oscar for ?,what
other Where is Basque country located ?,unknown
product What product does `` Mrs. Olsen '' promote ?,what
date What time of day did Emperor Hirohito die ?,when
def What is dry ice ?,what
other What 's the most powerful card in Euchre ?,what
def What does `` intractable plantar keratoma '' mean ?,what
count How many years did it take James Joyce to write Ulysses ?,unknown
food What crop failure caused the Irish Famine ?,what
city What South Korean city is served by Kimpo International Airport ?,what
count How many types of dogs ' tails are there - three,unknown
cremat What is the longest-running television series ?,what
animal What predators exist on Antarctica ?,what
desc What is the difference between a generator and an alternator ?,what
manner How is energy created ?,unknown
food What beer advertised that it had `` three rings '' ?,what
other What is the quantity of American soldiers still unaccounted for from the Vietnam war ?,what
techmeth What golfing accessory was patented by George Grant on December 12,what
other What are the different types of plastic ?,what
manner How is it correct to say ` qigong ' ?,unknown
mount What was the highest mountain on earth before Mount Everest was discovered ?,what
"other Where was the Ligurian Republic , 1797-185 , ?",unknown
country What country 's people are the top television watchers ?,what
date When was the women 's suffrage amendment ratified ?,when
gr What Polynesian people inhabit New Zealand ?,what
cremat What movie tour of the Roman empire features the admonition ,what
city What Nevada center has been dubbed The Biggest Little City in the World ?,what
"ind What President lived at 219 North Delaware Street , Independence , Missouri ?",what
reason Give a reason for American Indians oftentimes dropping out of school .,unknown
other Where must a soccer goalie stand to be permitted to handle the ball ?,unknown
desc What is the difference between classical conditioning and operant conditioning ?,what
state In what U.S. state was the first woman governor elected ?,what
desc What are some interesting facts and information about dogsledding ?,what
date What year did Hitler die ?,when
ind What famous model was married to Billy Joel ?,what
animal What kind of animal is Babar ?,what
reason What is Jane Goodall known for ?,what
other What killed Bob Marley ?,what
money How much money are Dumbo 's ears insured for ?,unknown
ind Who danced into stardom with Fred Astaire in 1941 's You 'll Never Get Rich ?,who
desc Who is Stein Eriksen ?,who
def What does the name Billie mean ?,what
ind Who is the fastest swimmer in the world ?,who
mount What is the highest peak in Africa ?,what
other Where is Procter & Gamble headquartered in the U.S. ?,unknown
other What desert has been called The Garden of Allah ?,what
other What do bicornate animals have two of ?,what
reason What function does a community 's water tower serve ?,what
dismed What is a fear of weakness ?,what
count How many miles is it to Ohio from North Carolina ?,unknown
count How much snow equals an inch of rain ?,unknown
exp What does G.M.T. stand for ?,what
def What does Inuit and Eskimo mean ?,what
cremat What song served as the closing theme of The Johnny Cash Show ?,what
sport What field sport did dentist William Beers promote and write a standard book of rules for ?,what
manner How do I tie dye clothes ?,unknown
date When does the average teenager first have intercourse ?,when
reason Why doesn 't www.answers.com have any answers to my questions ?,unknown
ind What actor 's autobiography is titled All My Yesterdays ?,what
ind What Russian master spy lived in the U.S. under the name Emil Goldfus ?,what
other Where 's the 19th hole on a golf course ?,unknown
reason What 's nature 's purpose for tornadoes ?,what
ind Who played the original Charlie 's Angels ?,who
other Where can I find a person 's address from a telephone number ?,unknown
"word What English word comes from the Old French covrefeu , meaning cover fire ?",what
instru What musical instrument did Prewitt play in James Jones 's From Here to Eternity ?,what
other Where did Sarge Steel get his metal hand ?,unknown
reason What makes popcorn pop ?,what
ind Who wrote The Night of the Iguana ?,who
body Where does your hair grow the fastest ?,unknown
country What country did King Gustav V reign over from 197 to 195 ?,what
ind Who painted Mother and Child ?,who
speed What is the speed of the Mississippi River ?,what
other In what area of the world was the Six Day War fought ?,what
other What is the brightest star visible from Earth ?,what
cremat What film marked Robert Redford 's directorial debut ?,what
ind What was Mao 's second name ?,what
cremat What film or films has Jude Law appeared in ?,what
other Where do hyenas live ?,unknown
desc Who is the `` Queen Mother '' ?,who
lang What 's the most commonly-spoken language in Belgium ?,what
ind Who has more DNA - a man or a woman ?,who
def What are Maid-Rites ?,what
cremat What children 's tale contains the line ,what
gr What level of government or governmental agency is responsible for dealing with racism ?,what
count How many referees work a soccer game ?,unknown
food What cocktail do you concoct with whisky and sweet vermouth ?,what
termeq How do you say `` fresh '' in Spanish ?,unknown
desc What do bee hives do in cranberry bogs ?,what
reason What caused the Lynmouth floods ?,what
date When is the Tulip Festival in Michigan ?,what
"ind Who came up with the name , El Nino ?",who
cremat What movie did Madilyn Kahn star in with Gene Wilder ?,what
other What type of bridge is the Golden Gate Bridge ?,what
ind What dictator has the nickname `` El Maximo '' ?,what
gr What stereo manufacturer is `` Slightly ahead of its time '' ?,what
city What U.S. city is The Queen of the Pacific ?,what
ind What TV sitcom character had the maiden name Ethel Potter ?,what
food What was the first Lifesaver flavor ?,what
ind Who kept the most famous diary in the English language ?,who
other Where can I find out the top 1 singles ?,unknown
count How many degrees cooler is the inside of a cucumber than the air outside ?,unknown
ind What Spanish artist painted Crucifixion ?,what
cremat What is the Jewish bible called ?,what
reason Why is the grass green ?,unknown
def What is a firewall ?,what
ind What spy novelist served as Moscow correspondent for Reuter and The Times of London ?,what
gr Which oil company almost picked a word that meant `` stalled car '' in Japanese as its new international name ?,unknown
period How long does it take for Spider-Man 's web to evaporate ?,unknown
ind Who was Randy Steven Craft 's lawyer ?,who
other What was known as the Spice Island ?,what
ind Who was the first host of Person to Person ?,who
ind Name the Ranger who was always after Yogi Bear .,unknown
"other What deck of cards includes the Wheel of Fortune , the Lovers , and Death ?",what
other What does the Statue of Liberty wear on her feet ?,what
ind Who is the superstar in rent-a-cars ?,who
city McCarren Airport is located in what city ?,what
"other What household facility contains a float ball , ballcock , and overflow tube ?",what
animal What was the name of Betty Boop 's dog ?,what
perc What fraction of a beaver 's life is spent swimming ?,what
substance What was the Bridge of San Luis Rey made of ?,what
desc What do economists do ?,what
country What country has the largest sheep population ?,what
"desc What do I need to do to take my dog with me to live in Dominica , West Indies for a year ?",what
country What country is the world 's largest importer of cognac ?,what
count How many years is Johnnie Walker Black Label aged ?,unknown
exp What does SIDS stand for ?,what
other What is Grenada 's main commodity export ?,what
"money How much would a black-and-white 1-cent stamp be worth , Thomas Jefferson on it , ?",unknown
reason What makes a clitoris sensitive ?,what
"country What country has the most time zones , with 11 ?",what
other What `` magic '' does Mandrake employ ?,what
ind Who is the president of Stanford University ?,who
ind Whose first presidential order was ,unknown
"other What was introduced commercially by Bayer A.G. of Leverkusen , in 1899 ?",what
city What city is Logan Airport in ?,what
def What is a nanometer ?,what
count How many innings are there in a regulation softball game ?,unknown
date When did CNN go on the air ?,when
city What is the largest city on the Great Lakes ?,what
code What is the telephone number for the University of Kentucky ?,what
ind Who invented baseball ?,who
count How many wives did Brigham Young have ?,unknown
product What product on the market is good for hiding facial scars ?,what
dist How long is the Coney Island boardwalk ?,unknown
city What city gained renown for its pea-soup fogs ?,what
def What does `` Janelle '' mean ?,what
manner How do I get another city 's newspaper ?,unknown
cremat Name a movie about the Sioux Indians starring Kevin Costner .,unknown
"ind Who was shot in the back during a Poker game in Deadwood , the Dakota territory ?",who
desc What are the distinct physical characterstics of the Arabian horse ?,what
dismed What is a fear of thunder ?,what
animal What animal has killed the most people ?,what
count How many colleges are in Wyoming ?,unknown
city What Russian seaport has a name meaning `` Lord of the East '' ?,what
other Where can stocks be traded on-line ?,unknown
date When was the Battle of Hastings ?,when
other What kind of file has the extension .dbf ?,what
date When did Muhammad live ?,when
"termeq What then-derogatory term was applied to the painters Monet , Sisley , Pissarro , Renoir and Degas ?",what
def What is a wop ?,what
desc Where do rocks come from ?,unknown
manner How do I stop background noise in a car stereo ?,unknown
mount Where do people mountain climb in Nepal ?,unknown
gr What is the best college in the country ?,what
def What is viscosity ?,what
cremat What was the name of the sitcom that Alyssa Milano starred in with Tony Danza ?,what
country What are the Nordic nations ?,what
other Where on the Internet can I get information about the Fifth Amendment on the American Bill of Rights ?,unknown
state What U.S. state borders Illinois to the north ?,what
cremat Name a film in which Jude Law acted .,unknown
temp What is the temperature for baking Peachy Oat Muffins ?,what
dismed What is a fear of bees ?,what
cremat What Vladimir Nabokov novel features Professor Humbert in love with a 12-year-old girl ?,what
def What is a green bog ?,what
other Where did the myth of Santa Claus originate ?,unknown
other What does a chairbound basophobic fear ?,what
city What city is served by Logan International Airport ?,what
ind What wrestling star became `` The Incredible Hulk '' ?,what
other What attracts tourists to Reims ?,what
sport What game do Steve McQueen and Edward G. Robinson play in The Cincinnati Kid ?,what
other What fastener did Whitcomb Judson patent in 1893 ?,what
def What 's an auberge in France ?,what
ind Who was the star of the 1965 Broadway hit Golden Boy ?,who
other Where is Procter & Gamble based in the U.S. ?,unknown
gr What army was founded by William Booth and his wife Catherine ?,what
substance What does ribavirin consist of ?,what
food Name the soft drink that is `` number one in the sun . '',unknown
other What is the web address of the list of e-mail addresses of members of the House of Representatives ?,what
ind What was her real name ?,what
reason Why are the ears your center of balance ?,unknown
ind Who invented the toothbrush ?,who
cremat What was the name of that popular song the Creeps sang ?,what
other Where is the Abominable Snowman said to wander ?,unknown
dismed What is a fear of being alone ?,what
count How many dots make up the symbol for `` because '' ?,unknown
food What do you get by adding Lactobacillus bulgaricus to milk ?,what
"exp When reading classified ads , what does EENTY ",when
count How many hearts does an octopus have ?,unknown
plant What plant has the largest seed ?,what
country What was the only country you were allowed to drive into Israel from in 1979 ?,what
other What 's approaching when a cyclist shouts ,what
"ind What baseball star turned down a $1 , 000-a-year contract because he felt he had n't earned it ?",what
sport What kind of sport is often associated with hooligans ?,what
ind What video game hero do some of his fans call Chomper ?,what
count How many holes are there in a tenpin bowling ball ?,unknown
word What is the longest word in the English language ?,what
other In What city or state do the most gay men live in ?,what
"ind What TV comediennes 's characters include former movie star Nora Desmond , secretary Mrs. Wiggins and a housewife named Eunice ?",what
animal What is `` the bear of beers '' ?,what
other Name the operating system that runs on IBM-compatible machines .,unknown
def What does the name `` Justin '' mean ?,what
perc What percentage of the body is muscle ?,what
color What color of dry wine should be served with veal roasts and chops ?,what
substance What is a golf ball made of ?,what
def What is the Amish religion ?,what
money What does an average daycare provider get paid in New England ?,what
gr What was the name of the 187s Irish terrorist group in Pennsylvania mining areas ?,what
ind Who played the Ringo Kid in the 1939 film Stagecoach ?,who
ind Who died 1 feet from where John F. Kennedy did ?,who
def What is the `` coppertop '' battery ?,what
symbol What sign is The Water Carrier the zodiacal symbol for ?,what
animal What animals do you find in the stock market ?,what
def What is color ?,what
date When is the site www.questions.com going to open ?,when
cremat What did Shostakovich write for Rostropovich ?,what
ind What first name was Nipsy Russell given at birth ?,what
manner How can I get some free technical information on Electric Vehicle ?,unknown
ind Who is the youngest of the Beatles ?,who
manner How did shipyard inspector James J. Kilroy designate equipment as being satisfactory ?,unknown
def What is a Jellicle Cat ?,what
other Where can I find the best free evidence for debate about Russia ?,unknown
other What is Bill Gates of Microsoft E-mail address ?,what
substance What is the second hardest substance ?,what
reason Why did several San Diego schools stop serving apples to students ?,unknown
city What Russian city boasts the Hermitage Museum ?,what
date When is Bastille Day ?,when
reason What makes a tornado turn ?,what
count How many shots can a stock M16 hold ?,unknown
color What two colors are you blind to if you suffer from protanopia ?,what
reason Why do n't you guys have some sort of contest where you ask a question and whoever finds the answers wins a prize ?,unknown
desc Who is Coronado ?,who
cremat What was the name of the movie that starred Sharon Stone and Arnold Schwarzenegger ?,what
def What is artificial intelligence ?,what
food What do flatfish eat ?,what
ind Who was the first Holy Roman Emperor ?,who
other What can I use to remove the stubborn gummed labels from some diskettes ?,what
date What day of the week sees the most fatal car accidents ?,what
"desc What is the origin of the word , magic ?",what
sport What sport do you shag flies in ?,what
def What is white chocolate ?,what
other Where is Trinidad ?,unknown
gr Name the organization that is presided by a Security Council .,what
"ind Who graced the airwaves with such pearls as `` Do ya lo-o-ove me ? Get naked , baby ! '' ?",who
food What kind of wine is Spumante ?,what
ind Who portrayed portly criminologist Carl Hyatt on Checkmate ?,who
termeq How do you say I love you in Spanish ?,unknown
def What does the name Gina mean ?,what
product What is the most advanced handheld calculator in the world ?,what
speed How fast is light ?,unknown
termeq What is the belt of low pressure around the equator called ?,what
def What are shooting stars ?,what
gr Whom did the Chicago Bulls beat in the 1993 championship ?,unknown
date When was the first American encyclopedia published ?,when
other What 's the tallest building in New York City ?,what
manner How is Easter Sunday 's date determined ?,unknown
desc What is the Motto for the State of Maryland ?,what
desc Who is Desmond Tutu ?,who
other Where can I find information on the Narragansett Indians and other tribes in Rhode Island ?,unknown
animal Name a tiger that is extinct .,unknown
count How many quarters equal a pound ?,unknown
cremat What kind of books does Fodor 's publish ?,what
"ind What are the first names of Rowan and Martin , the stars of TV 's Laugh-In ?",what
ord What chapter of the Bible has the most verses ?,what
ind Who is the worst US President ever ?,who
ind What Asian leader was known as The Little Brown Saint ?,what
abb What is the abbreviated expression for the National Bureau of Investigation ?,what
speed How fast does the fastest car go ?,unknown
mount What is the highest mountain in the world ?,what
other What arch can you see from the Place de la Concorde ?,what
ind Who sings the song `` Drink to me with thine eyes '' by Ben Johnson ?,who
period How long should a person wash their hands before they are clean ?,unknown
other Which way do you turn your Bic to increase the flame - clockwise or counterclockwise ?,unknown
country Which is the wealthiest country in the world ?,unknown
manner How can I find a phone number of someone if I only know their email address ?,unknown
manner How can you contact play producers and promoters on-line ?,unknown
ind Who is the monarch of the United Kingdom ?,who
dismed What is a fear of passing high objects ?,what
desc What do players try to do when the music stops in a game of musical chairs ?,what
ind What are the top ten most common girl names in the US ?,what
reason Why is black the color of mourning in the West ?,unknown
other What is the rarest coin ?,what
cremat What Judith Rossner novel was made into a film starring Diane Keaton ?,what
country Which country is Australia 's largest export market ?,unknown
other Where is the Kentucky Horse Park located ?,unknown
dismed What is a fear of parasites ?,what
sport In what Olympic Games did Nadia Comaneci become popular ?,what
ind Who does data collection in tourism ?,who
ind What was the name of the daughter of the Virginia chief Powhatan that married John Rolfe ?,what
state What is the leading pecan and peanut growing state ?,what
desc What does a nihilist believe in ?,what
desc What did Richard Feynman say upon hearing he would receive the Nobel Prize in Physics ?,unknown
sport In what sport are these following numbers relevant ,what
ind Who were the four famous founders of United Artists ?,who
cremat What 2 statues did France give to other countries ?,what
def What are amphibians ?,what
count How many sperm cells are in an average ejaculation ?,unknown
product Name the disposable razor that `` costs about 19 cents . '',unknown
dist How far do you have to run if you hit a home run ?,unknown
ind Who was the only U.S. President to wear a Nazi uniform ?,who
gr Woodrow Wilson served as president of what university ?,what
other Where are the tropical rain forest distributions ?,unknown
ind What 's the nickname of oddsmaker Jimmy Snyder ?,what
dismed What is the fear of being loved ?,what
other What was the number of people that Randy Steven Craft was convicted of killing ?,what
title What was Queen Victoria 's title regarding India ?,what
manner How is a hydrogen bomb different from a nuclear bomb ?,unknown
dist How far can a man travel in outer space ?,unknown
other Where was Lincoln assassinated ?,unknown
food What type of food makes you fat ?,what
dismed What is the name of the chronic neurological autoimmune disease which attacks the protein sheath that surrounds nerve cells causing a gradual loss of movement in the body ?,what
count What was the U.S. highway death toll in 1969 ?,what
"animal What kind of animals are Dorsets , Lincolns , Oxfords and Southdowns ?",what
cremat What are the shortest and the longest songs ever produced ?,what
letter What letter is to the right of K on a typewriter keyboard ?,what
"desc What is the origin and the meaning of the name , `` Hajo ? ''",what
word What is the plural of gulf ?,what
ind Whose autobiography is titled Yes I Can ?,unknown
date What year did the United States pass the Copyright law ?,what
perc What percentage of Americans own their homes ?,what
date What 's the first day of the week ?,what
city What city was President William McKinley shot in ?,what
city What city has the world 's longest subway system ?,what
"ind Who claimed he killed 4 , 280 buffalo as food for the crew building the Kansas Pacific Railway ?",who
def What is Bombay duck ?,what
count How many degrees cooler is the inside of a cucumber than the air outside ?,unknown
ind What double talking `` professor '' holds a doctorate in Nothing ?,what
city What are the five most expensive cities in the world ?,what
ind What 19th-century writer had a country estate on the Hudson dubbed Sunnyside ?,what
count How many layers of yellow paint is a Faber Mongol pencil lucky enough to be sprayed with ?,unknown
def What is a virtual IP address ?,what
ind What was the name of the cook on Rawhide ?,what
other What county is Chicago in ?,what
dist What is the wingspan of a condor ?,what
desc What facial feature typically contains about 55 hairs ?,what
"ind Who was named Admiral of the Ocean Seas and Viceroy and Governor General of all the islands he might discover , and also granted 10-?? of all profits of his voyage .",who
manner How can I transport files from one computer to another ?,unknown
termeq What 's the literary term for a play on words ?,what
color What color were their horses ?,what
money What does an average daycare provider get paid in New England ?,what
ind What author landed a 468-pound marlin without harness in the early 193 's ?,what
count How many Americans fought for the British in the American Revolution ?,unknown
other What kind of education do I need to become a flight attendant ?,what
lang What are the two languages of Malta ?,what
count How many oceans are there and name them ?,unknown
desc What happened during the Blackhawk Indian war of 1832 ?,what
count How many pairs of legs does a lobster have ?,unknown
def What does the Latin ante mortem mean ?,what
def What does the name Shawn mean ?,what
other Where is the Danube ?,unknown
"ind What lawyer won the largest divorce settlement , $85 million , in U.S. history for Sheika Dena Al-Farri ?",unknown
animal What do you call a group of geese ?,what
"ind Who delivered his last newscast on March 6 , 1981 ?",who
"count How many times has `` Louie , Louie '' been recorded ?",unknown
manner How is Answers.com different from KnowPost.com ?,unknown
other What is the longest place name in the U.S. ?,what
perc What percent liked Thatcher after she had been in power for a decade ?,what
"other Where does Buzz Aldrin want to build a permanent , manned space station ?",unknown
cremat What was Mel Gibson 's first movie ?,what
reason Why was the L.A. office of Shea and Gould closed ?,unknown
manner How do I start a bank ?,unknown
manner How do Ouija Boards work ?,unknown
animal What horse did Zorro ride ?,what
manner How do you get a broken cork out of a bottle ?,unknown
other Where can I find correct tabs for Third Eye Blind songs ?,unknown
manner How do you determine heating requirements for your home ?,unknown
ind What former major-league left-handed baseball pitcher was known as `` Space Man '' ?,what
"product Which hair care product told us `` hate that gray , wash it away '' ?",unknown
reason Why did the chicken cross the road ?,unknown
ind What was Michelangelo 's last name ?,what
desc Who is Barbara Jordan ?,who
ind Who was the Democratic nominee in the American presidential election ?,who
cremat What was Connecticut 's first constitution called ?,what
event What historical event happened in Dogtown in 1899 ?,what
def What is being done about the millennium bug ?,what
reason What was the claim to fame of King Camp Gillette ?,what
dismed What is the most common kind of skin cancer in the U.S. ?,what
def What is Olestra ?,what
country What Asian country has a bill of rights for cows ?,what
count How many fingers are used to draw a bow ?,unknown
plant What are two plants that clothes are made from ?,what
date When was Hurricane Hugo ?,when
food What is the most heavily caffeinated soft drink ?,what
ind What President-to-be was the first member of Congress to enlist following the attack on Pearl Harbor ?,what
money What was the price of Varian Associates ' vacuum products division ?,what
date When was `` the Great Depression '' ?,when
lang What language is mostly spoken in Brazil ?,what
gr What college produced the most winning Super Bowl quarterbacks ?,what
manner How do you solve `` Rubik 's Cube '' ?,unknown
def What is prepared mustard ?,what
ind What classical Spanish writer warned ,what
def What does `` antidisestablishmentarianism '' mean ?,what
ind What actor married John F. Kennedy 's sister ?,what
dismed What does a topophobic actor suffer from ?,what
ind Who fired Maria Ybarra from her position in San Diego council ?,who
"period The italian artist , Maurizio Pellegrin , is how old ?",unknown
other What type of hunting are retrievers used for ?,what
reason What is Colin Powell best known for ?,what
ind Who was the first black golfer to tee off in the Masters ?,who
city What city is the setting for Puccini 's opera La Boheme ?,what
ind What U.S. President showed a fondness for munching on bee pollen bars ?,what
def What is measured in curies ?,what
ind Whose cover is that of an employee of Universal Import and Export ?,unknown
ind What former president 's daughter has written a book titled Murder in the White House ?,what
ind What fictional character is known as the `` melancholy Dane '' ?,what
product Italy is the largest producer of what ?,what
ind What longtime game show host dropped dead while jogging in Central Park in 1984 ?,what
"def What is the meaning of W.B. Yeat 's poem , `` The Three Hermits ? ''",what
ind Who were the `` filthiest people alive ? '',who
dismed What infectious disease is the world 's deadliest ?,what
def What is Spumante ?,what
date In what year did Ireland elect its first woman president ?,what
def What is an isthmus ?,what
animal What was the name of the orca that died of a fungal infection ?,what
other Where is Mozambique located ?,unknown
animal What is Mississippi 's state animal ?,what
desc What 's the origin of the word ` news ' ?,what
other What did Dan Aykroyd and John Belushi quit Saturday Night Live to become ?,what
count How many months does a normal human pregnancy last ?,unknown
manner How do fuel injectors work ?,unknown
manner How can your school march in the Macy 's Thanksgiving Parade ?,unknown
ind What is the real name of disc jockey `` Wolfman Jack '' ?,what
veh What Italian liner was hijacked in 1985 ?,what
city What city houses the U.S. headquarters of Procter and Gamble ?,what
product What soap was touted as being `` for people who like people '' ?,what
money How much was the minimum wage in 1991 ?,unknown
exp What does NAFTA stand for ?,what
ind Who invented silly putty ?,who
"gr What new middle school was built in Philadelphia , Pennsylvania last year ?",what
ind Who patented the first phonograph ?,who
techmeth What are some tips for building a fire in a fireplace ?,what
food What do manatees eat ?,what
termeq How do you say 2 in Latin ?,unknown
cremat What were popular songs and types of songs in the 1920s ?,what
count How many Vietnamese were there in the Soviet Union ?,unknown
other What is November 's birthstone ?,what
def What is a Certified Nurse Midwife ?,what
"count On average , how many miles are there to the moon ?",unknown
ind Who created private detective Philip Marlowe ?,who
"cremat What Boris Pasternak book sold 5 , 0 copies to become the fiction best-seller of 1958 ?",what
desc What is the origin of the expression `` tout de suite '' ?,what
word What is the longest English word ?,what
reason What is the purpose of a car bra ?,what
reason What is D.B. Cooper known for ?,what
desc Who is Colin Powell ?,who
animal What species is a colt ?,what
exp What is the full name of the PLO ?,what
country What is the smallest country in Africa ?,what
ind Who coined the term NN cyberspace `` in his novel NN Neuromancer '' ?,who
event What age followed the Bronze Age ?,what
title What is her profession ?,what
ind What is the full name of the man who invented the multicolored game cube that has 42.3 quintillion potential combinations ?,what
exp What does the word LASER mean ?,what
def What does the name `` Anthony '' mean ?,what
ind Who was Lauren Bacall 's first husband ?,who
def What is a rhomboideus minor ?,what
count How many hands does Bjorn Borg use when hitting his forehand ?,unknown
count How many people died on D-Day ?,unknown
ind What U.S. Congressman said ,what
ind Who created the character of Scrooge ?,who
other What is the student population at the University of Massachusetts in Amherst ?,what
other Where is Windsor Castle ?,unknown
date When did the Dow first reach ?,when
reason Why were people recruited for the Vietnam War ?,unknown
gr What party was Winston Churchill a member of ?,what
gr What American League baseball team 's worst finish between 1926 and 1964 was fourth ?,what
other Where can I find the names of all the 15 Pokemon ?,unknown
state What state does Martha Stewart live in ?,what
animal Which killer whale died at Sea World of a fungal infection ?,unknown
country What are the Benelux countries ?,what
other Where 's the Petrified Forest ?,unknown
lang What is a language spoken by the Sioux ?,what
other Where is Tornado Alley ?,unknown
ind Who was the author of `` John Brown 's Body '' ?,who
ind What American poet wrote ,what
state What state in the U.S. has the most blacks ?,what
reason Why are electric cars less efficient in the northeast than in California ?,unknown
title What was the occupation of Mandy Rice-Davies ?,what
city What is the city in which Maurizio Pellegrin lives called ?,what
ind Who painted the Sistine Chapel ?,who
ind Name the various costumed personas of Dr. Henry Pym .,unknown
animal What breed of dog was the `` Little Rascals '' dog ?,what
desc What are the living conditions in Cuba ?,what
color What color are school buses ?,what
other What is the oldest website on the Internet ?,what
"event What events happened January 26 , 1978 ?",what
ind What explorers followed Columbus to the Americas ?,what
ind Who is actress Goldie Hawn 's current actor boyfriend ?,who
ind Who banned Peter Rose from baseball for betting on games ?,who
def What are the seven virtues ?,what
termeq What other name were the `` Little Rascals '' known as ?,what
date When was the San Francisco fire ?,when
dismed What is a fear of food ?,what
"count How many casinos are in Atlantic City , NJ ?",unknown
date What year did the Vietnam War end ?,what
ind What are the names of Richard Nixon 's two daughters ?,what
word What 's the word for broken glass or sharp rocks embedded in cement on top of a wall ?,what
count What is the chromosome number of an elephant ?,what
gr What organization was founded by the Rev. Jerry Falwell ?,what
other What 's the longest river in the world ?,what
food Which soft drink does Madonna advertise for ?,unknown
gr What company is being bought by Yahoo and how much is the deal worth ?,what
date When was Berlin 's Brandenburg gate erected ?,when
count How many double-word-score spaces are there on a Scrabble Crossword Game board ?,unknown
date What year did Germany sign its nonaggression pact with the Soviet Union ?,what
mount What mountain range is traversed by the highest railroad in the world ?,what
reason Why were the American soldiers in WWI called `` Doughboys '',unknown
ind Who was nicknamed The Little Corporal ?,who
count How many CDs has Garth Brooks sold ?,unknown
veh Name the vessel used by the Atari Force in the DC comics .,unknown
other Where are the leading medical groups specializing in lung diseases ?,unknown
"manner How can I find online spelling , and punctuation drills for my 6th grader ?",unknown
other What 's the sacred river of India ?,what
country What is Stefan Edberg 's native country ?,what
body What is the only gland in humans that can regenerate itself ?,what
count How many Gutenberg Bibles are there ?,unknown
country Name the largest country in South America .,unknown
event What astronomical phenomenon takes place in Jan. 1999 ?,what
desc What information can you get me on Fairground Park in St. Louis,what
ind What was American folk hero John Chapman 's nickname ?,what
desc What is the difference between a median and a mean ?,what
cremat What was the top box office movie in April 1998 ?,what
reason What makes thunder ?,what
ind What author did photographer Yousuf Karsh call `` the shiest man I ever met '' ?,what
"other Which is the largest clock , diameter wise , in Europe ?",unknown
plant What plant is rum made from ?,what
country What country are Godiva chocolates from ?,what
ind Name the poet of the poem which begins ,unknown
food Which condiment was once sold as a patent medicine ?,unknown
state What U.S. state records the least rainfall ?,what
reason Why did the world enter a global depression in 1929 ?,unknown
"def What was archy , and mehitabel ?",what
city What Texas city got its name from the Spanish for `` yellow '' ?,what
substance What are the chemicals used in glowsticks ?,what
country What country did the Nile River originate in ?,what
color What color are tennis balls ?,what
ind What barroom judge called himself The Law West of the Pecos ?,what
desc What excuse did the NATO people give for hitting the Chinese embassy ?,what
ind Who was President of Costa Rica in 1994 ?,who
sport What sports event is Meyer Wolfsheim supposed to have fixed in The Great Gatsby ?,what
country What country has the best defensive position in the board game Diplomacy ?,what
country What two countries share the Khyber Pass ?,what
ind Who was chairman of the Senate select committee that tried to get to the bottom of Watergate ?,who
desc What is the origin of the surname of Braun ?,what
"sport What card game has variations called Canfield , Klondike and Spider ?",what
def What is Australia Day ?,what
animal What mammal of North America is the world 's longest-lived for its size ?,what
def What was the Chivington Massacre ?,what
"ind What actor starred in 1980 's Blue Lagoon , 1982 's The Pirate Movie and 1983 's A Night in Heaven ?",what
count How many home runs did Lou Gehrig have during his career ?,unknown
city In what city is the headquarters of Sinn Fein ?,what
other Where can I find information on George Bush ?,unknown
ind Who is the voice of Miss Piggy ?,who
termeq What is the dialogue circle in cartoons called ?,what
"def What does the word camaro mean , from the GM car the Camaro ?",what
ind Who replaced Bert Parks as the host of The Miss America Pageant ?,who
count How many boys play the game in Winslow Homer 's 1872 painting Snap the Whip ?,unknown
def What is the AIM-54C Phoenix ?,what
date When are sheep shorn ?,when
sport What sport is Chris Jogis a top player of ?,what
other What 's the second-largest island in the world ?,what
def What is the definition of low island ?,what
date What century does Captain Video live in ?,what
other What types of water pollution are there ?,what
count How many astronauts manned each Project Mercury flight ?,unknown
food What soft drink would provide me with the biggest intake of caffeine ?,what
other What 's the name of a golf course in Myrtle Beach ?,what
event What are some of the significant historical events of the 1990s ?,what
cremat Name the only extant trilogy of classical Greek plays .,unknown
other Where is Logan Airport ?,unknown
desc What is the difference between Neoclassical art and Romanticism art ?,what
ind Who was the first person inducted into the U.S. Swimming Hall of Fame ?,who
ind What golfer has been called Ohio Fats and Blobbo ?,what
ind Who murdered Leno and Rosemary LaBianca on August 1,who
money What is the average cost for four years of medical school ?,what
other What does God create in the first sentence of the Bible ?,what
ind Which of the following men was not married to Rita Hayworth ?,unknown
money What is the current ticket fare from from Cairo to Barbados ?,what
exp What does NN O `` mean when used as a prefix in Irish surnames ?,what
manner How do you find oxidation numbers ?,unknown
state What is the state nickname of Mississippi ?,what
"reason What is Black Hills , South Dakota most famous for ?",what
cremat What 1966 boob tube bomb took astronauts back to prehistoric times ?,what
count How many students attend the University of Massachusetts ?,unknown
"ind Who said , `` I shall return . '' during World War Two ?",who
event What holidays are celebrated in Ireland ?,what
"ind Who portrayed Etta Place , companion to Butch Cassidey and the Sundance Kid ?",who
def What are the Greek numerals ?,what
other What 's the name of the temple that is located near the capital city of Laos ?,what
dismed What is a fear of sleep ?,what
sport What auto race was Wilbur Reed the first to win three times ?,what
animal What are the most common breeding birds in the U.S. ?,what
"event What was organized as a Confederate veterans ' social club in Pulaski , in Tennessee , in 1866 ?",what
manner How do you look up criminal records on the Internet ?,unknown
"other Where is the actress , Marion Davies , buried ?",unknown
desc What is an example of an actual case of using the Fourteenth Amendment ?,what
ind Who was the Charlie perfume woman ?,who
ind Who portrayed `` Rosanne Rosanna-Dana '' on the television show `` Saturday Night Live '' ?,who
